-- phpMyAdmin SQL Dump
-- version 4.8.3
-- https://www.phpmyadmin.net/
--
-- Host: localhost:3306
-- Generation Time: Jan 18, 2020 at 09:20 AM
-- Server version: 5.7.23
-- PHP Version: 7.2.10

SET SQL_MODE = "NO_AUTO_VALUE_ON_ZERO";
SET time_zone = "+00:00";


/*!40101 SET @OLD_CHARACTER_SET_CLIENT=@@CHARACTER_SET_CLIENT */;
/*!40101 SET @OLD_CHARACTER_SET_RESULTS=@@CHARACTER_SET_RESULTS */;
/*!40101 SET @OLD_COLLATION_CONNECTION=@@COLLATION_CONNECTION */;
/*!40101 SET NAMES utf8mb4 */;

--
-- Database: `dbforum`
--

-- --------------------------------------------------------

--
-- Table structure for table `category`
--

CREATE TABLE `category` (
  `cat_id` int(12) NOT NULL,
  `category` varchar(200) DEFAULT NULL
) ENGINE=InnoDB DEFAULT CHARSET=latin1;

--
-- Dumping data for table `category`
--

INSERT INTO `category` (`cat_id`, `category`) VALUES
(1, 'Trekking'),
(6, 'Hiking'),
(7, 'Boating');

-- --------------------------------------------------------

--
-- Table structure for table `tblaccount`
--

CREATE TABLE `tblaccount` (
  `accnt_Id` int(11) NOT NULL,
  `username` varchar(255) DEFAULT NULL,
  `password` varchar(255) DEFAULT NULL,
  `user_Id` int(11) DEFAULT NULL,
  `email` varchar(200) NOT NULL,
  `forgot` varchar(255) NOT NULL
) ENGINE=InnoDB DEFAULT CHARSET=latin1;

--
-- Dumping data for table `tblaccount`
--

INSERT INTO `tblaccount` (`accnt_Id`, `username`, `password`, `user_Id`, `email`, `forgot`) VALUES
(1, 'guest', '084e0343a0486ff05530df6c705c8bb4', 35, '', ''),
(10, 'admin', '21232f297a57a5a743894a0e4a801fc3', 34, 'mirajaryal@gmail.com', ''),
(11, 'age', '7d637d275668ed6d41a9b97e6ad3a556', 40, 'nirushakhadka977@gmail.com', 'age');

-- --------------------------------------------------------

--
-- Table structure for table `tbladmin`
--

CREATE TABLE `tbladmin` (
  `Id` int(11) NOT NULL,
  `uname` varchar(255) DEFAULT NULL,
  `pwd` varchar(255) DEFAULT NULL
) ENGINE=InnoDB DEFAULT CHARSET=latin1;

--
-- Dumping data for table `tbladmin`
--

INSERT INTO `tbladmin` (`Id`, `uname`, `pwd`) VALUES
(1, 'admin', 'admin'),
(2, 'admin', 'admin');

-- --------------------------------------------------------

--
-- Table structure for table `tblcomment`
--

CREATE TABLE `tblcomment` (
  `comment_Id` int(11) NOT NULL,
  `comment` varchar(255) DEFAULT NULL,
  `post_Id` int(11) DEFAULT NULL,
  `datetime` datetime DEFAULT NULL,
  `user_Id` int(12) DEFAULT NULL
) ENGINE=InnoDB DEFAULT CHARSET=latin1;

--
-- Dumping data for table `tblcomment`
--

INSERT INTO `tblcomment` (`comment_Id`, `comment`, `post_Id`, `datetime`, `user_Id`) VALUES
(2, 'kh', 16, '2020-01-18 09:05:14', 34),
(4, 'I LOVE YOU\n', 17, '2020-01-18 09:17:03', 34);

-- --------------------------------------------------------

--
-- Table structure for table `tblpost`
--

CREATE TABLE `tblpost` (
  `post_Id` int(11) NOT NULL,
  `title` varchar(255) DEFAULT NULL,
  `content` text,
  `datetime` datetime DEFAULT NULL,
  `cat_id` int(12) DEFAULT NULL,
  `user_Id` int(12) DEFAULT NULL,
  `approve` int(11) NOT NULL,
  `view` int(11) NOT NULL DEFAULT '0'
) ENGINE=InnoDB DEFAULT CHARSET=latin1;

--
-- Dumping data for table `tblpost`
--

INSERT INTO `tblpost` (`post_Id`, `title`, `content`, `datetime`, `cat_id`, `user_Id`, `approve`, `view`) VALUES
(16, 'How do I check if I\'m connected to database?', '084e0343a0486ff05530df6c705c8bb4', '2020-01-18 08:58:00', 1, 34, 1, 2),
(17, 'For developers, by developers', 'Stack Overflow is an open community for anyone that codes. We help you get answers to your toughest coding questions, share knowledge with your coworkers in private, and find your next dream job.', '2020-01-18 09:15:51', 6, 40, 1, 2),
(18, 'For businesses, by developers', 'Our mission is to help developers write the script of the future. This means helping you find and hire skilled developers for your business and providing them the tools they need to share knowledge and work effectively.', '2020-01-18 09:17:42', 7, 34, 1, 0);

-- --------------------------------------------------------

--
-- Table structure for table `tbluser`
--

CREATE TABLE `tbluser` (
  `user_Id` int(11) NOT NULL,
  `fname` varchar(255) DEFAULT NULL,
  `lname` varchar(255) DEFAULT NULL
) ENGINE=InnoDB DEFAULT CHARSET=latin1;

--
-- Dumping data for table `tbluser`
--

INSERT INTO `tbluser` (`user_Id`, `fname`, `lname`) VALUES
(34, 'Miraj', 'Aryal'),
(35, 'guest', 'guest'),
(40, 'Nirusha', 'Khadka');

--
-- Indexes for dumped tables
--

--
-- Indexes for table `category`
--
ALTER TABLE `category`
  ADD PRIMARY KEY (`cat_id`);

--
-- Indexes for table `tblaccount`
--
ALTER TABLE `tblaccount`
  ADD PRIMARY KEY (`accnt_Id`),
  ADD KEY `user_Id` (`user_Id`);

--
-- Indexes for table `tbladmin`
--
ALTER TABLE `tbladmin`
  ADD PRIMARY KEY (`Id`);

--
-- Indexes for table `tblcomment`
--
ALTER TABLE `tblcomment`
  ADD PRIMARY KEY (`comment_Id`),
  ADD KEY `user_Id` (`user_Id`),
  ADD KEY `post_Id` (`post_Id`),
  ADD KEY `user_Id_2` (`user_Id`);

--
-- Indexes for table `tblpost`
--
ALTER TABLE `tblpost`
  ADD PRIMARY KEY (`post_Id`),
  ADD KEY `cat_id` (`cat_id`),
  ADD KEY `user_Id` (`user_Id`);

--
-- Indexes for table `tbluser`
--
ALTER TABLE `tbluser`
  ADD PRIMARY KEY (`user_Id`);

--
-- AUTO_INCREMENT for dumped tables
--

--
-- AUTO_INCREMENT for table `category`
--
ALTER TABLE `category`
  MODIFY `cat_id` int(12) NOT NULL AUTO_INCREMENT, AUTO_INCREMENT=8;

--
-- AUTO_INCREMENT for table `tblaccount`
--
ALTER TABLE `tblaccount`
  MODIFY `accnt_Id` int(11) NOT NULL AUTO_INCREMENT, AUTO_INCREMENT=12;

--
-- AUTO_INCREMENT for table `tbladmin`
--
ALTER TABLE `tbladmin`
  MODIFY `Id` int(11) NOT NULL AUTO_INCREMENT, AUTO_INCREMENT=3;

--
-- AUTO_INCREMENT for table `tblcomment`
--
ALTER TABLE `tblcomment`
  MODIFY `comment_Id` int(11) NOT NULL AUTO_INCREMENT, AUTO_INCREMENT=5;

--
-- AUTO_INCREMENT for table `tblpost`
--
ALTER TABLE `tblpost`
  MODIFY `post_Id` int(11) NOT NULL AUTO_INCREMENT, AUTO_INCREMENT=19;

--
-- AUTO_INCREMENT for table `tbluser`
--
ALTER TABLE `tbluser`
  MODIFY `user_Id` int(11) NOT NULL AUTO_INCREMENT, AUTO_INCREMENT=41;

--
-- Constraints for dumped tables
--

--
-- Constraints for table `tblaccount`
--
ALTER TABLE `tblaccount`
  ADD CONSTRAINT `tblaccount_ibfk_1` FOREIGN KEY (`user_Id`) REFERENCES `tbluser` (`user_Id`) ON DELETE CASCADE ON UPDATE CASCADE;

--
-- Constraints for table `tblcomment`
--
ALTER TABLE `tblcomment`
  ADD CONSTRAINT `tblcomment_ibfk_1` FOREIGN KEY (`user_Id`) REFERENCES `tbluser` (`user_Id`) ON DELETE CASCADE ON UPDATE CASCADE,
  ADD CONSTRAINT `tblcomment_ibfk_2` FOREIGN KEY (`post_Id`) REFERENCES `tblpost` (`post_Id`) ON DELETE CASCADE ON UPDATE CASCADE;

--
-- Constraints for table `tblpost`
--
ALTER TABLE `tblpost`
  ADD CONSTRAINT `tblpost_ibfk_1` FOREIGN KEY (`cat_id`) REFERENCES `category` (`cat_id`) ON DELETE CASCADE ON UPDATE CASCADE;

/*!40101 SET CHARACTER_SET_CLIENT=@OLD_CHARACTER_SET_CLIENT */;
/*!40101 SET CHARACTER_SET_RESULTS=@OLD_CHARACTER_SET_RESULTS */;
/*!40101 SET COLLATION_CONNECTION=@OLD_COLLATION_CONNECTION */;
